{"CER_metric": [0.9484286904335022, 0.6374139785766602, 0.2804197371006012, 0.179176926612854, 0.1370386779308319, 0.10816594958305359, 0.09092441946268082, 0.07490573078393936, 0.06781765818595886, 0.057293616235256195, 0.05039700120687485, 0.044919781386852264, 0.03917541727423668, 0.034566376358270645, 0.02400863915681839, 0.017599748447537422, 0.017206508666276932, 0.015331900678575039, 0.01509141642600298, 0.010633238591253757, 0.009232533164322376, 0.010064960457384586, 0.008636072278022766, 0.007973674684762955, 0.00862761028110981, 0.007967152632772923, 0.007670512888580561, 0.007702934090048075, 0.008457171730697155, 0.006638792809098959, 0.0068484409712255, 0.0065989368595182896, 0.006991598289459944, 0.005590473767369986, 0.005536416079849005, 0.005798614118248224, 0.006205763667821884, 0.005850968416780233, 0.006033243145793676, 0.006086774170398712, 0.00487170135602355, 0.005849205888807774, 0.005533211398869753, 0.006331420037895441, 0.005359746050089598, 0.0041943821124732494, 0.005419615656137466, 0.0047248671762645245, 0.005025345366448164, 0.004752656910568476, 0.003822565311565995, 0.0047350479289889336, 0.00482669472694397, 0.0056455968879163265, 0.00563217094168067, 0.004679459612816572, 0.004009755793958902, 0.004626615904271603, 0.0055677746422588825, 0.004460523836314678, 0.004116773139685392, 0.004533577244728804, 0.004547785501927137, 0.004279023036360741, 0.005191352218389511, 0.0041142357513308525, 0.004127939697355032, 0.006019582971930504, 0.004472958855330944, 0.005030375439673662], "loss": [34.26657485961914, 20.09056282043457, 9.776270866394043, 6.079538822174072, 4.483427047729492, 3.5022547245025635, 2.866396188735962, 2.326246976852417, 2.0000674724578857, 1.6332987546920776, 1.4409617185592651, 1.2736575603485107, 1.1106173992156982, 0.995651364326477, 0.7154055833816528, 0.5486173629760742, 0.5407007336616516, 0.5144901275634766, 0.44694483280181885, 0.36850351095199585, 0.30804067850112915, 0.34768736362457275, 0.31758561730384827, 0.29980918765068054, 0.30020108819007874, 0.29870328307151794, 0.3171810507774353, 0.24245887994766235, 0.2700563669204712, 0.2759205102920532, 0.255441278219223, 0.26943451166152954, 0.22327949106693268, 0.21967008709907532, 0.20198139548301697, 0.20051053166389465, 0.230047345161438, 0.21549133956432343, 0.20805343985557556, 0.16741681098937988, 0.18198013305664062, 0.23924939334392548, 0.18639293313026428, 0.20364072918891907, 0.20273953676223755, 0.1602884978055954, 0.20273253321647644, 0.20805877447128296, 0.17851029336452484, 0.15196900069713593, 0.15209802985191345, 0.16964013874530792, 0.17475293576717377, 0.16470719873905182, 0.1831047534942627, 0.169541135430336, 0.17225132882595062, 0.15655624866485596, 0.19119179248809814, 0.16373901069164276, 0.1611848920583725, 0.1599542200565338, 0.1788201481103897, 0.16370239853858948, 0.15613453090190887, 0.16994252800941467, 0.1636391282081604, 0.18504036962985992, 0.18840210139751434, 0.17210792005062103], "val_CER_metric": [0.9384040236473083, 0.9713695049285889, 0.971031904220581, 0.5853298306465149, 0.24222609400749207, 0.1378544270992279, 0.12960201501846313, 0.1199212297797203, 0.11577548086643219, 0.10851102322340012, 0.13027575612068176, 0.12896576523780823, 0.11220572888851166, 0.1284206211566925, 0.10060840845108032, 0.10136092454195023, 0.10155095160007477, 0.1030619740486145, 0.1026991531252861, 0.09345066547393799, 0.09184233099222183, 0.09189297258853912, 0.09458013623952866, 0.09050080925226212, 0.09274683892726898, 0.09180215746164322, 0.09312716126441956, 0.09233210980892181, 0.090358205139637, 0.08977174013853073, 0.08796587586402893, 0.08706283569335938, 0.08969671279191971, 0.08993061631917953, 0.08782686293125153, 0.08845286816358566, 0.08741441369056702, 0.08774451911449432, 0.0865912064909935, 0.0881563127040863, 0.0873638391494751, 0.08723461627960205, 0.08665359765291214, 0.08599770814180374, 0.08690764009952545, 0.08820296823978424, 0.08638588339090347, 0.08689716458320618, 0.0874176174402237, 0.08683902770280838, 0.08634424954652786, 0.08692306280136108, 0.08612076938152313, 0.08677870035171509, 0.08523307740688324, 0.08558163791894913, 0.08683532476425171, 0.08626443892717361, 0.08616834133863449, 0.08632396906614304, 0.08581478893756866, 0.08704996854066849, 0.08690226823091507, 0.0859515443444252, 0.08553445339202881, 0.08594571053981781, 0.08633025735616684, 0.0862010270357132, 0.08705438673496246, 0.08564072102308273], "val_loss": [38.57627868652344, 86.48316955566406, 60.95760726928711, 18.078750610351562, 7.699426651000977, 5.29265832901001, 5.134240627288818, 4.7760443687438965, 4.581456184387207, 4.27578067779541, 5.140007972717285, 4.7308268547058105, 4.420861721038818, 4.886373996734619, 4.073200702667236, 4.2281975746154785, 4.296580791473389, 4.472123622894287, 4.288948059082031, 4.118130683898926, 4.124545574188232, 4.0833563804626465, 4.24749755859375, 4.075184345245361, 4.153139114379883, 4.094744682312012, 4.125761032104492, 4.263525009155273, 4.019154071807861, 4.034524440765381, 3.9352142810821533, 3.9200878143310547, 4.064610481262207, 4.09061861038208, 3.9155423641204834, 3.990368366241455, 3.9147789478302, 3.9306156635284424, 4.019908428192139, 3.9736557006835938, 4.019232749938965, 3.9935734272003174, 3.959651231765747, 3.945147752761841, 3.9041664600372314, 3.9172067642211914, 3.942340135574341, 3.9245147705078125, 3.9342117309570312, 3.912755012512207, 3.909654140472412, 3.9096834659576416, 3.911813497543335, 3.924684762954712, 3.9135448932647705, 3.9074463844299316, 3.900791645050049, 3.8721423149108887, 3.8737823963165283, 3.8964531421661377, 3.8857054710388184, 3.876500129699707, 3.8784542083740234, 3.883898973464966, 3.8921375274658203, 3.901201009750366, 3.897329330444336, 3.908942937850952, 3.881622076034546, 3.8966338634490967], "learning_rate": [0.0010000000474974513, 0.0010000000474974513, 0.0010000000474974513, 0.0010000000474974513, 0.0010000000474974513, 0.0010000000474974513, 0.0010000000474974513, 0.0010000000474974513, 0.0010000000474974513, 0.0010000000474974513, 0.0010000000474974513, 0.0010000000474974513, 0.0010000000474974513, 0.0010000000474974513, 0.0005000000237487257, 0.0005000000237487257, 0.0005000000237487257, 0.0005000000237487257, 0.0005000000237487257, 0.0002500000118743628, 0.0002500000118743628, 0.0002500000118743628, 0.0002500000118743628, 0.0002500000118743628, 0.0002500000118743628, 0.0002500000118743628, 0.0002500000118743628, 0.0002500000118743628, 0.0001250000059371814, 0.0001250000059371814, 0.0001250000059371814, 0.0001250000059371814, 0.0001250000059371814, 0.0001250000059371814, 0.0001250000059371814, 0.0001250000059371814, 6.25000029685907e-05, 6.25000029685907e-05, 6.25000029685907e-05, 6.25000029685907e-05, 6.25000029685907e-05, 6.25000029685907e-05, 6.25000029685907e-05, 3.125000148429535e-05, 3.125000148429535e-05, 3.125000148429535e-05, 3.125000148429535e-05, 3.125000148429535e-05, 1.5625000742147677e-05, 1.5625000742147677e-05, 1.5625000742147677e-05, 1.5625000742147677e-05, 9.999999747378752e-06, 9.999999747378752e-06, 9.999999747378752e-06, 9.999999747378752e-06, 9.999999747378752e-06, 9.999999747378752e-06, 9.999999747378752e-06, 9.999999747378752e-06, 9.999999747378752e-06, 9.999999747378752e-06, 9.999999747378752e-06, 9.999999747378752e-06, 9.999999747378752e-06, 9.999999747378752e-06, 9.999999747378752e-06, 9.999999747378752e-06, 9.999999747378752e-06, 9.999999747378752e-06]}
